-- [1]8:CREATE FUNCTION example AS 'org.apache.iotdb.udf.UDTFExample'
STRICT{
PASS
}
-- [1]21:CREATE FUNCTION example AS 'org.apache.iotdb.udf.UDTFExample'
STRICT{
PASS
}
-- [1]36:create storage group root.sg
STRICT{
PASS
}
-- [1]37:create timeseries root.sg.d1.s1 with datatype=INT32,encoding=RLE
STRICT{
PASS
}
-- [1]38:create timeseries root.sg.d1.s2 with datatype=INT32,encoding=RLE
STRICT{
PASS
}
-- [1]39:insert into root.sg.d1(time,s1,s2) values(1,23,32)
STRICT{
0
}

Elapsed Time: 0.0.5
-- [1]40:insert into root.sg.d1(time,s1,s2) values(2,31,19)
STRICT{
0
}

Elapsed Time: 0.0.0
-- [1]41:insert into root.sg.d1(time,s1,s2) values(3,18,21)
STRICT{
0
}

Elapsed Time: 0.0.0
-- [1]42:insert into root.sg.d1(time,s1,s2) values(4,20,32)
STRICT{
0
}

Elapsed Time: 0.0.0
-- [1]43:insert into root.sg.d1(time,s1,s2) values(5,33,17)
STRICT{
0
}

Elapsed Time: 0.0.0
-- [1]44:insert into root.sg.d1(time,s1,s2) values(6,19,28)
STRICT{
0
}

Elapsed Time: 0.0.0
-- [1]46:CREATE FUNCTION example AS 'org.apache.iotdb.udf.UDTFExample'
STRICT{
PASS
}

-- [1]47:select * from root.sg.d1
STRICT{
Time(TIME)      |root.sg.d1.s1(INT32)      |root.sg.d1.s2(INT32)      |
--------------------------------------------------------------------
1               |23                        |32                        |
--------------------------------------------------------------------
2               |31                        |19                        |
--------------------------------------------------------------------
3               |18                        |21                        |
--------------------------------------------------------------------
4               |20                        |32                        |
--------------------------------------------------------------------
5               |33                        |17                        |
--------------------------------------------------------------------
6               |19                        |28                        |
总数目：6
}

Elapsed Time: 0.0.1

-- [1]51:SELECT example(*) from root.sg.d1 slimit 1 soffset 1
STRICT{
Time(TIME)      |example(root.sg.d1.s2)(INT32)      |
---------------------------------------------------
1               |-32                                |
---------------------------------------------------
2               |-19                                |
---------------------------------------------------
3               |-21                                |
---------------------------------------------------
4               |-32                                |
---------------------------------------------------
5               |-17                                |
---------------------------------------------------
6               |-28                                |
总数目：6
}

Elapsed Time: 0.0.2

-- [1]54:SELECT example(*) from root.sg.d1 limit 5 offset 1
STRICT{
Time(TIME)      |example(root.sg.d1.s1)(INT32)      |example(root.sg.d1.s2)(INT32)      |
--------------------------------------------------------------------------------------
2               |-31                                |-19                                |
--------------------------------------------------------------------------------------
3               |-18                                |-21                                |
--------------------------------------------------------------------------------------
4               |-20                                |-32                                |
--------------------------------------------------------------------------------------
5               |-33                                |-17                                |
--------------------------------------------------------------------------------------
6               |-19                                |-28                                |
总数目：5
}

Elapsed Time: 0.0.1

-- [1]57:SELECT example(*) from root.sg.d1 disable align
STRICT{
Timeexample(root.sg.d1.s1)(TIME)      |example(root.sg.d1.s1)(INT32)      |Timeexample(root.sg.d1.s2)(INT64)      |example(root.sg.d1.s2)(INT32)      |
---------------------------------------------------------------------------------------------------------------------------------------------------
1                                     |-23                                |1                                      |-32                                |
---------------------------------------------------------------------------------------------------------------------------------------------------
2                                     |-31                                |2                                      |-19                                |
---------------------------------------------------------------------------------------------------------------------------------------------------
3                                     |-18                                |3                                      |-21                                |
---------------------------------------------------------------------------------------------------------------------------------------------------
4                                     |-20                                |4                                      |-32                                |
---------------------------------------------------------------------------------------------------------------------------------------------------
5                                     |-33                                |5                                      |-17                                |
---------------------------------------------------------------------------------------------------------------------------------------------------
6                                     |-19                                |6                                      |-28                                |
总数目：6
}

Elapsed Time: 0.0.7

-- [1]60:SELECT example(*) from root.sg.d1 where s1 < 20
STRICT{
Time(TIME)      |example(root.sg.d1.s1)(INT32)      |example(root.sg.d1.s2)(INT32)      |
--------------------------------------------------------------------------------------
3               |-18                                |-21                                |
--------------------------------------------------------------------------------------
6               |-19                                |-28                                |
总数目：2
}

Elapsed Time: 0.0.3

-- [1]63:SELECT example(*) from root.sg.d1 where time < 5
STRICT{
Time(TIME)      |example(root.sg.d1.s1)(INT32)      |example(root.sg.d1.s2)(INT32)      |
--------------------------------------------------------------------------------------
1               |-23                                |-32                                |
--------------------------------------------------------------------------------------
2               |-31                                |-19                                |
--------------------------------------------------------------------------------------
3               |-18                                |-21                                |
--------------------------------------------------------------------------------------
4               |-20                                |-32                                |
总数目：4
}

Elapsed Time: 0.0.1

-- [1]66:SELECT example(*) from root.sg.d1
STRICT{
Time(TIME)      |example(root.sg.d1.s1)(INT32)      |example(root.sg.d1.s2)(INT32)      |
--------------------------------------------------------------------------------------
1               |-23                                |-32                                |
--------------------------------------------------------------------------------------
2               |-31                                |-19                                |
--------------------------------------------------------------------------------------
3               |-18                                |-21                                |
--------------------------------------------------------------------------------------
4               |-20                                |-32                                |
--------------------------------------------------------------------------------------
5               |-33                                |-17                                |
--------------------------------------------------------------------------------------
6               |-19                                |-28                                |
总数目：6
}

Elapsed Time: 0.0.1
-- [1]81:CREATE FUNCTION example AS 'org.apache.iotdb.udf.UDTFExample'
STRICT{
PASS
}
-- [1]82:DROP FUNCTION example
STRICT{
PASS
}
